Rechnung Nr;Rechnung Datum;Auftrag Datum;Kunde;Total ohne MwSt;MwSt 8.1%;Endtotal;Status
INV-2026-10001;2026-01-14;2026-01-12;Müller AG;2516.02;2719.82;5235.84;bezahlt
INV-2026-10002;2026-01-09;2026-01-07;Weber AG;676.19;730.96;1407.15;überfällig
INV-2026-10003;2026-01-12;2026-01-10;Schmid AG;2301.32;2487.73;4789.05;offen
INV-2026-10004;2026-01-06;2026-01-04;Migros AG;853.05;922.15;1775.2;offen
INV-2026-10005;2026-01-15;2026-01-13;Payfix GmbH,Wallee AG;4005.12;4329.53;8334.65;offen
INV-2026-10006;2026-01-11;2026-01-09;Migros AG;3993.65;4317.14;8310.79;offen
INV-2026-10007;2026-01-29;2026-01-27;Payfix GmbH,Wallee AG;3854.02;4166.2;8020.22;offen
INV-2026-10008;2026-01-16;2026-01-14;City Kiosk Bern;1712.12;1850.8;3562.92;offen
INV-2026-10009;2026-01-06;2026-01-04;Migros AG;1057.37;1143.02;2200.39;bezahlt
INV-2026-10010;2026-01-24;2026-01-22;Müller AG;1369.97;1480.94;2850.91;bezahlt
INV-2026-10011;2026-01-23;2026-01-21;coop AG;2562.22;2769.76;5331.98;offen
INV-2026-10012;2026-01-06;2026-01-04;Migros AG;4712.68;5094.41;9807.09;überfällig
INV-2026-10013;2026-02-01;2026-01-30;Weber AG;4259.58;4604.61;8864.19;offen
INV-2026-10014;2026-01-07;2026-01-05;Migros AG;4860.58;5254.29;10114.87;überfällig
INV-2026-10015;2026-01-15;2026-01-13;City Kiosk Bern;3406.1;3681.99;7088.09;überfällig
INV-2026-10016;2026-01-16;2026-01-14;Migros AG;1394.22;1507.15;2901.37;bezahlt
INV-2026-10017;2026-01-28;2026-01-26;coop AG;4048.25;4376.16;8424.41;überfällig
INV-2026-10018;2026-01-10;2026-01-08;Payfix GmbH,Wallee AG;4540.54;4908.32;9448.86;überfällig
INV-2026-10019;2026-01-29;2026-01-27;Keller AG;4889.5;5285.55;10175.05;bezahlt
INV-2026-10020;2026-01-31;2026-01-29;City Kiosk Bern;4630.02;5005.05;9635.07;überfällig
INV-2026-10021;2026-01-26;2026-01-24;Müller AG;1129.74;1221.25;2350.99;bezahlt
INV-2026-10022;2026-01-13;2026-01-11;Huber GmbH;3841.14;4152.27;7993.41;überfällig
INV-2026-10023;2026-01-31;2026-01-29;Meier GmbH;619.64;669.83;1289.47;überfällig
INV-2026-10024;2026-01-29;2026-01-27;coop AG;2233.19;2414.08;4647.27;offen
INV-2026-10025;2026-01-02;2025-12-31;Payfix GmbH,Wallee AG;485.64;524.98;1010.62;offen
INV-2026-10026;2026-01-20;2026-01-18;coop AG;4127.52;4461.85;8589.37;bezahlt
INV-2026-10027;2026-01-16;2026-01-14;Keller AG;2784.4;3009.94;5794.34;offen
INV-2026-10028;2026-01-24;2026-01-22;Payfix GmbH,Wallee AG;1597.85;1727.28;3325.13;bezahlt
INV-2026-10029;2026-01-18;2026-01-16;City Kiosk Bern;2064.0;2231.18;4295.18;offen
INV-2026-10030;2026-01-16;2026-01-14;Keller AG;4773.74;5160.41;9934.15;überfällig
INV-2026-10031;2026-01-26;2026-01-24;Weber AG;2467.74;2667.63;5135.37;überfällig
INV-2026-10032;2026-01-22;2026-01-20;Weber AG;1655.86;1789.98;3445.84;überfällig
INV-2026-10033;2026-01-25;2026-01-23;Schmid AG;542.27;586.19;1128.46;überfällig
INV-2026-10034;2026-01-16;2026-01-14;Keller AG;349.06;377.33;726.39;offen
INV-2026-10035;2026-01-13;2026-01-11;Müller AG;2656.45;2871.62;5528.07;bezahlt
INV-2026-10036;2026-01-08;2026-01-06;Müller AG;1089.5;1177.75;2267.25;überfällig
INV-2026-10037;2026-01-18;2026-01-16;Payfix GmbH,Wallee AG;3305.59;3573.34;6878.93;offen
INV-2026-10038;2026-01-17;2026-01-15;Meier GmbH;4924.14;5323.0;10247.14;überfällig
INV-2026-10039;2026-01-26;2026-01-24;Payfix GmbH,Wallee AG;3207.59;3467.4;6674.99;bezahlt
INV-2026-10040;2026-01-21;2026-01-19;Migros AG;1619.28;1750.44;3369.72;offen
INV-2026-10041;2026-01-16;2026-01-14;Payfix GmbH,Wallee AG;139.74;151.06;290.8;offen
INV-2026-10042;2026-01-12;2026-01-10;Payfix GmbH,Wallee AG;1447.86;1565.14;3013.0;bezahlt
INV-2026-10043;2026-01-18;2026-01-16;Schmid AG;4143.99;4479.65;8623.64;überfällig
INV-2026-10044;2026-01-31;2026-01-29;Weber AG;1076.61;1163.82;2240.43;offen
INV-2026-10045;2026-01-21;2026-01-19;Müller AG;4814.83;5204.83;10019.66;bezahlt
INV-2026-10046;2026-01-14;2026-01-12;Payfix GmbH,Wallee AG;1879.05;2031.25;3910.3;offen
INV-2026-10047;2026-01-19;2026-01-17;Müller AG;4540.22;4907.98;9448.2;überfällig
INV-2026-10048;2026-02-01;2026-01-30;coop AG;616.97;666.94;1283.91;bezahlt
INV-2026-10049;2026-01-11;2026-01-09;Weber AG;3876.59;4190.59;8067.18;offen
INV-2026-10050;2026-01-20;2026-01-18;Schmid AG;1771.63;1915.13;3686.76;bezahlt
INV-2026-10051;2026-01-13;2026-01-11;City Kiosk Bern;2096.1;2265.88;4361.98;bezahlt
INV-2026-10052;2026-01-03;2026-01-01;Schmid AG;272.62;294.7;567.32;offen
INV-2026-10053;2026-01-24;2026-01-22;Keller AG;766.14;828.2;1594.34;bezahlt
INV-2026-10054;2026-01-17;2026-01-15;Payfix GmbH,Wallee AG;4459.48;4820.7;9280.18;überfällig
INV-2026-10055;2026-01-03;2026-01-01;Keller AG;247.22;267.24;514.46;überfällig
INV-2026-10056;2026-01-25;2026-01-23;coop AG;2199.91;2378.1;4578.01;überfällig
INV-2026-10057;2026-01-03;2026-01-01;Meier GmbH;190.76;206.21;396.97;überfällig
INV-2026-10058;2026-01-04;2026-01-02;Huber GmbH;4733.36;5116.76;9850.12;bezahlt
INV-2026-10059;2026-01-28;2026-01-26;Weber AG;1084.11;1171.92;2256.03;überfällig
INV-2026-10060;2026-01-13;2026-01-11;Huber GmbH;1564.64;1691.38;3256.02;offen
INV-2026-10061;2026-01-17;2026-01-15;Huber GmbH;3895.52;4211.06;8106.58;offen
INV-2026-10062;2026-01-07;2026-01-05;Payfix GmbH,Wallee AG;2665.41;2881.31;5546.72;offen
INV-2026-10063;2026-01-14;2026-01-12;Keller AG;4236.42;4579.57;8815.99;bezahlt
INV-2026-10064;2026-01-02;2025-12-31;Payfix GmbH,Wallee AG;3148.24;3403.25;6551.49;überfällig
INV-2026-10065;2026-01-29;2026-01-27;Schmid AG;988.12;1068.16;2056.28;überfällig
INV-2026-10066;2026-01-09;2026-01-07;Weber AG;4641.82;5017.81;9659.63;offen
INV-2026-10067;2026-01-25;2026-01-23;Müller AG;1267.92;1370.62;2638.54;offen
INV-2026-10068;2026-01-06;2026-01-04;City Kiosk Bern;1501.11;1622.7;3123.81;überfällig
INV-2026-10069;2026-01-31;2026-01-29;Müller AG;1215.58;1314.04;2529.62;offen
INV-2026-10070;2026-01-16;2026-01-14;Payfix GmbH,Wallee AG;782.66;846.06;1628.72;überfällig
INV-2026-10071;2026-01-26;2026-01-24;Müller AG;777.08;840.02;1617.1;bezahlt
INV-2026-10072;2026-01-16;2026-01-14;Weber AG;2153.8;2328.26;4482.06;offen
INV-2026-10073;2026-01-02;2025-12-31;Keller AG;2263.44;2446.78;4710.22;offen
INV-2026-10074;2026-01-22;2026-01-20;Keller AG;3217.88;3478.53;6696.41;bezahlt
INV-2026-10075;2026-01-28;2026-01-26;Schmid AG;1377.33;1488.89;2866.22;offen
INV-2026-10076;2026-01-07;2026-01-05;Huber GmbH;4505.26;4870.19;9375.45;überfällig
INV-2026-10077;2026-02-01;2026-01-30;Meier GmbH;858.69;928.24;1786.93;offen
INV-2026-10078;2026-01-12;2026-01-10;Payfix GmbH,Wallee AG;4657.05;5034.27;9691.32;bezahlt
INV-2026-10079;2026-01-18;2026-01-16;Meier GmbH;719.17;777.42;1496.59;bezahlt
INV-2026-10080;2026-01-18;2026-01-16;Keller AG;1856.84;2007.24;3864.08;überfällig
INV-2026-10081;2026-01-27;2026-01-25;Huber GmbH;528.15;570.93;1099.08;überfällig
INV-2026-10082;2026-01-23;2026-01-21;Keller AG;1936.4;2093.25;4029.65;überfällig
INV-2026-10083;2026-02-01;2026-01-30;Payfix GmbH,Wallee AG;1566.07;1692.92;3258.99;überfällig
INV-2026-10084;2026-01-31;2026-01-29;Schmid AG;2830.5;3059.77;5890.27;offen
INV-2026-10085;2026-01-03;2026-01-01;Huber GmbH;1988.09;2149.13;4137.22;offen
INV-2026-10086;2026-01-05;2026-01-03;Weber AG;3183.06;3440.89;6623.95;überfällig
INV-2026-10087;2026-01-27;2026-01-25;coop AG;2195.81;2373.67;4569.48;offen
INV-2026-10088;2026-01-06;2026-01-04;Müller AG;903.64;976.83;1880.47;offen
INV-2026-10089;2026-01-28;2026-01-26;Meier GmbH;3673.36;3970.9;7644.26;bezahlt
INV-2026-10090;2026-01-24;2026-01-22;Schmid AG;2501.52;2704.14;5205.66;bezahlt
INV-2026-10091;2026-01-16;2026-01-14;Huber GmbH;1746.83;1888.32;3635.15;überfällig
INV-2026-10092;2026-01-13;2026-01-11;Schmid AG;2530.44;2735.41;5265.85;offen
INV-2026-10093;2026-01-02;2025-12-31;Payfix GmbH,Wallee AG;1540.11;1664.86;3204.97;bezahlt
INV-2026-10094;2026-01-19;2026-01-17;Payfix GmbH,Wallee AG;2553.94;2760.81;5314.75;offen
INV-2026-10095;2026-01-30;2026-01-28;Migros AG;932.0;1007.49;1939.49;bezahlt
INV-2026-10096;2026-01-04;2026-01-02;Meier GmbH;4349.07;4701.34;9050.41;offen
INV-2026-10097;2026-01-31;2026-01-29;Meier GmbH;3613.03;3905.69;7518.72;überfällig
INV-2026-10098;2026-01-31;2026-01-29;coop AG;2152.44;2326.79;4479.23;bezahlt
INV-2026-10099;2026-01-05;2026-01-03;City Kiosk Bern;3101.57;3352.8;6454.37;überfällig
INV-2026-10100;2026-01-07;2026-01-05;Schmid AG;3965.9;4287.14;8253.04;offen
INV-2026-10101;2026-01-03;2026-01-01;Müller AG;4087.28;4418.35;8505.63;offen
INV-2026-10102;2026-01-02;2025-12-31;City Kiosk Bern;457.34;494.38;951.72;überfällig
INV-2026-10103;2026-01-03;2026-01-01;Keller AG;280.57;303.3;583.87;offen
INV-2026-10104;2026-01-29;2026-01-27;Huber GmbH;2484.07;2685.28;5169.35;offen
INV-2026-10105;2026-01-20;2026-01-18;Weber AG;2752.56;2975.52;5728.08;überfällig
INV-2026-10106;2026-01-30;2026-01-28;Migros AG;671.26;725.63;1396.89;bezahlt
INV-2026-10107;2026-01-02;2025-12-31;Payfix GmbH,Wallee AG;4721.94;5104.42;9826.36;bezahlt
INV-2026-10108;2026-01-27;2026-01-25;coop AG;4943.24;5343.64;10286.88;offen
INV-2026-10109;2026-01-30;2026-01-28;coop AG;139.69;151.0;290.69;offen
INV-2026-20001;2026-02-22;2026-02-20;Weber AG;1920.55;2076.11;3996.66;offen
INV-2026-20002;2026-02-17;2026-02-15;Müller AG;4962.39;5364.34;10326.73;bezahlt
INV-2026-20003;2026-02-11;2026-02-09;Weber AG;1487.37;1607.85;3095.22;bezahlt
INV-2026-20004;2026-02-13;2026-02-11;Huber GmbH;113.1;122.26;235.36;überfällig
INV-2026-20005;2026-02-06;2026-02-04;City Kiosk Bern;4435.44;4794.71;9230.15;offen
INV-2026-20006;2026-02-26;2026-02-24;Weber AG;4519.05;4885.09;9404.14;bezahlt
INV-2026-20007;2026-02-23;2026-02-21;Huber GmbH;1176.3;1271.58;2447.88;bezahlt
INV-2026-20008;2026-03-01;2026-02-27;City Kiosk Bern;687.87;743.59;1431.46;bezahlt
INV-2026-20009;2026-02-25;2026-02-23;City Kiosk Bern;300.73;325.09;625.82;überfällig
INV-2026-20010;2026-02-28;2026-02-26;Weber AG;1737.62;1878.37;3615.99;offen
INV-2026-20011;2026-02-21;2026-02-19;Payfix GmbH,Wallee AG;532.36;575.48;1107.84;offen
INV-2026-20012;2026-03-01;2026-02-27;Müller AG;4162.16;4499.29;8661.45;offen
INV-2026-20013;2026-02-13;2026-02-11;Meier GmbH;2022.44;2186.26;4208.7;offen
INV-2026-20014;2026-02-24;2026-02-22;Weber AG;512.22;553.71;1065.93;überfällig
INV-2026-20015;2026-02-24;2026-02-22;Schmid AG;1766.78;1909.89;3676.67;überfällig
INV-2026-20016;2026-02-16;2026-02-14;Schmid AG;3316.57;3585.21;6901.78;überfällig
INV-2026-20017;2026-02-24;2026-02-22;Huber GmbH;2359.34;2550.45;4909.79;überfällig
INV-2026-20018;2026-02-10;2026-02-08;Müller AG;1013.79;1095.91;2109.7;bezahlt
INV-2026-20019;2026-02-03;2026-02-01;Payfix GmbH,Wallee AG;2014.26;2177.42;4191.68;überfällig
INV-2026-20020;2026-02-21;2026-02-19;Keller AG;316.89;342.56;659.45;offen
INV-2026-20021;2026-02-14;2026-02-12;Meier GmbH;2505.96;2708.94;5214.9;überfällig
INV-2026-20022;2026-02-11;2026-02-09;Migros AG;3045.42;3292.1;6337.52;offen
INV-2026-20023;2026-02-21;2026-02-19;Schmid AG;4748.91;5133.57;9882.48;überfällig
INV-2026-20024;2026-02-07;2026-02-05;Müller AG;2109.62;2280.5;4390.12;bezahlt
INV-2026-20025;2026-02-10;2026-02-08;Migros AG;608.06;657.31;1265.37;bezahlt
INV-2026-20026;2026-02-07;2026-02-05;Keller AG;1401.83;1515.38;2917.21;bezahlt
INV-2026-20027;2026-02-07;2026-02-05;Huber GmbH;3492.38;3775.26;7267.64;überfällig
INV-2026-20028;2026-02-04;2026-02-02;Weber AG;4696.2;5076.59;9772.79;bezahlt
INV-2026-20029;2026-02-09;2026-02-07;coop AG;4387.41;4742.79;9130.2;bezahlt
INV-2026-20030;2026-03-01;2026-02-27;Migros AG;3755.22;4059.39;7814.61;überfällig
INV-2026-20031;2026-03-01;2026-02-27;Schmid AG;4679.41;5058.44;9737.85;bezahlt
INV-2026-20032;2026-02-18;2026-02-16;coop AG;1916.89;2072.16;3989.05;bezahlt
INV-2026-20033;2026-02-16;2026-02-14;Keller AG;4751.86;5136.76;9888.62;überfällig
INV-2026-20034;2026-02-20;2026-02-18;Schmid AG;3795.9;4103.37;7899.27;bezahlt
INV-2026-20035;2026-02-11;2026-02-09;Migros AG;288.45;311.81;600.26;überfällig
INV-2026-20036;2026-02-15;2026-02-13;Huber GmbH;4282.28;4629.14;8911.42;bezahlt
INV-2026-20037;2026-02-03;2026-02-01;Schmid AG;2356.67;2547.56;4904.23;offen
INV-2026-20038;2026-02-27;2026-02-25;Meier GmbH;3330.81;3600.61;6931.42;offen
INV-2026-20039;2026-02-24;2026-02-22;City Kiosk Bern;489.19;528.81;1018.0;überfällig
INV-2026-20040;2026-02-19;2026-02-17;coop AG;4516.02;4881.82;9397.84;überfällig
INV-2026-20041;2026-02-16;2026-02-14;Weber AG;1421.39;1536.52;2957.91;offen
INV-2026-20042;2026-02-06;2026-02-04;Payfix GmbH,Wallee AG;3517.42;3802.33;7319.75;offen
INV-2026-20043;2026-02-18;2026-02-16;Migros AG;452.6;489.26;941.86;überfällig
INV-2026-20044;2026-02-13;2026-02-11;Meier GmbH;3475.95;3757.5;7233.45;bezahlt
INV-2026-20045;2026-02-04;2026-02-02;Schmid AG;3513.87;3798.49;7312.36;überfällig
INV-2026-20046;2026-02-12;2026-02-10;Müller AG;4741.95;5126.05;9868.0;bezahlt
INV-2026-20047;2026-02-07;2026-02-05;Migros AG;4116.64;4450.09;8566.73;überfällig
INV-2026-20048;2026-02-28;2026-02-26;Payfix GmbH,Wallee AG;2813.17;3041.04;5854.21;offen
INV-2026-20049;2026-02-17;2026-02-15;Huber GmbH;1271.45;1374.44;2645.89;offen
INV-2026-20050;2026-03-01;2026-02-27;Schmid AG;1316.93;1423.6;2740.53;bezahlt
INV-2026-20051;2026-02-10;2026-02-08;Müller AG;1260.94;1363.08;2624.02;überfällig
INV-2026-20052;2026-02-24;2026-02-22;Weber AG;2529.19;2734.05;5263.24;bezahlt
INV-2026-20053;2026-02-20;2026-02-18;Meier GmbH;1841.78;1990.96;3832.74;überfällig
INV-2026-20054;2026-02-19;2026-02-17;coop AG;4083.6;4414.37;8497.97;bezahlt
INV-2026-20055;2026-02-09;2026-02-07;Weber AG;704.29;761.34;1465.63;offen
INV-2026-20056;2026-02-07;2026-02-05;Schmid AG;1761.54;1904.22;3665.76;offen
INV-2026-20057;2026-02-04;2026-02-02;Meier GmbH;1248.58;1349.71;2598.29;überfällig
INV-2026-20058;2026-02-17;2026-02-15;Müller AG;431.38;466.32;897.7;offen
INV-2026-20059;2026-02-22;2026-02-20;Schmid AG;4673.68;5052.25;9725.93;überfällig
INV-2026-20060;2026-02-16;2026-02-14;Keller AG;1234.79;1334.81;2569.6;überfällig
INV-2026-20061;2026-02-22;2026-02-20;Payfix GmbH,Wallee AG;1602.42;1732.22;3334.64;überfällig
INV-2026-20062;2026-02-05;2026-02-03;coop AG;4511.24;4876.65;9387.89;offen
INV-2026-20063;2026-02-25;2026-02-23;Huber GmbH;131.96;142.65;274.61;überfällig
INV-2026-20064;2026-02-14;2026-02-12;Keller AG;1985.49;2146.31;4131.8;überfällig
INV-2026-20065;2026-02-13;2026-02-11;Huber GmbH;1129.38;1220.86;2350.24;bezahlt
INV-2026-20066;2026-02-06;2026-02-04;Müller AG;2743.07;2965.26;5708.33;überfällig
INV-2026-20067;2026-02-15;2026-02-13;City Kiosk Bern;1126.36;1217.6;2343.96;überfällig
INV-2026-20068;2026-02-04;2026-02-02;Meier GmbH;2292.98;2478.71;4771.69;bezahlt
INV-2026-20069;2026-02-19;2026-02-17;City Kiosk Bern;407.0;439.97;846.97;offen
INV-2026-20070;2026-02-15;2026-02-13;Schmid AG;1214.17;1312.52;2526.69;bezahlt
INV-2026-20071;2026-02-21;2026-02-19;Weber AG;275.68;298.01;573.69;bezahlt
INV-2026-20072;2026-02-03;2026-02-01;Huber GmbH;3844.0;4155.36;7999.36;bezahlt
INV-2026-20073;2026-02-08;2026-02-06;Payfix GmbH,Wallee AG;1085.22;1173.12;2258.34;offen
INV-2026-20074;2026-02-17;2026-02-15;Keller AG;2608.49;2819.78;5428.27;bezahlt
INV-2026-20075;2026-02-07;2026-02-05;Meier GmbH;1023.51;1106.41;2129.92;bezahlt
INV-2026-20076;2026-02-05;2026-02-03;coop AG;1145.35;1238.12;2383.47;offen
INV-2026-20077;2026-02-08;2026-02-06;City Kiosk Bern;2164.52;2339.85;4504.37;bezahlt
INV-2026-20078;2026-02-14;2026-02-12;Payfix GmbH,Wallee AG;972.38;1051.14;2023.52;bezahlt
INV-2026-20079;2026-02-10;2026-02-08;Migros AG;4798.79;5187.49;9986.28;bezahlt
INV-2026-20080;2026-02-28;2026-02-26;Schmid AG;2746.99;2969.5;5716.49;offen
INV-2026-20081;2026-03-01;2026-02-27;Meier GmbH;949.21;1026.1;1975.31;überfällig
INV-2026-20082;2026-02-10;2026-02-08;Huber GmbH;3297.1;3564.17;6861.27;offen
INV-2026-20083;2026-02-06;2026-02-04;Müller AG;1315.27;1421.81;2737.08;offen
INV-2026-20084;2026-02-28;2026-02-26;Schmid AG;3780.92;4087.17;7868.09;bezahlt
INV-2026-20085;2026-03-01;2026-02-27;Keller AG;3929.5;4247.79;8177.29;bezahlt
INV-2026-20086;2026-02-20;2026-02-18;Payfix GmbH,Wallee AG;730.67;789.85;1520.52;überfällig
INV-2026-20087;2026-02-27;2026-02-25;Migros AG;1691.63;1828.65;3520.28;bezahlt
INV-2026-20088;2026-02-26;2026-02-24;Migros AG;1361.02;1471.26;2832.28;offen
INV-2026-20089;2026-02-13;2026-02-11;Schmid AG;2906.08;3141.47;6047.55;bezahlt
INV-2026-20090;2026-02-08;2026-02-06;Weber AG;1682.98;1819.3;3502.28;bezahlt
INV-2026-20091;2026-02-19;2026-02-17;Keller AG;4033.38;4360.08;8393.46;bezahlt
INV-2026-20092;2026-02-11;2026-02-09;Weber AG;4114.98;4448.29;8563.27;bezahlt
INV-2026-20093;2026-02-22;2026-02-20;Keller AG;3063.36;3311.49;6374.85;bezahlt
INV-2026-20094;2026-02-23;2026-02-21;Keller AG;1575.03;1702.61;3277.64;bezahlt
INV-2026-20095;2026-02-04;2026-02-02;Müller AG;1562.62;1689.19;3251.81;bezahlt
INV-2026-20096;2026-02-13;2026-02-11;Migros AG;182.6;197.39;379.99;überfällig
INV-2026-20097;2026-02-06;2026-02-04;Meier GmbH;2239.58;2420.99;4660.57;offen
INV-2026-20098;2026-02-23;2026-02-21;Payfix GmbH,Wallee AG;2385.42;2578.64;4964.06;überfällig
INV-2026-20099;2026-02-15;2026-02-13;City Kiosk Bern;1673.35;1808.89;3482.24;überfällig
INV-2026-20100;2026-02-05;2026-02-03;Keller AG;4780.8;5168.04;9948.84;bezahlt
INV-2026-20101;2026-02-11;2026-02-09;Müller AG;2052.16;2218.38;4270.54;überfällig
INV-2026-20102;2026-02-14;2026-02-12;City Kiosk Bern;1614.96;1745.77;3360.73;überfällig
INV-2026-20103;2026-02-25;2026-02-23;Schmid AG;3973.58;4295.44;8269.02;überfällig
INV-2026-20104;2026-03-01;2026-02-27;Meier GmbH;2340.03;2529.57;4869.6;bezahlt
INV-2026-20105;2026-02-22;2026-02-20;City Kiosk Bern;949.22;1026.11;1975.33;überfällig
INV-2026-20106;2026-02-19;2026-02-17;Huber GmbH;3017.05;3261.43;6278.48;bezahlt
INV-2026-20107;2026-02-03;2026-02-01;City Kiosk Bern;4210.03;4551.04;8761.07;offen
INV-2026-20108;2026-02-11;2026-02-09;City Kiosk Bern;2121.8;2293.67;4415.47;bezahlt
INV-2026-20109;2026-02-14;2026-02-12;Huber GmbH;4840.23;5232.29;10072.52;bezahlt
INV-2026-30001;2026-03-31;2026-03-29;Meier GmbH;2310.24;2497.37;4807.61;überfällig
INV-2026-30002;2026-03-12;2026-03-10;Schmid AG;3716.89;4017.96;7734.85;überfällig
INV-2026-30003;2026-03-28;2026-03-26;Keller AG;3406.35;3682.26;7088.61;offen
INV-2026-30004;2026-03-19;2026-03-17;Müller AG;2236.08;2417.2;4653.28;offen
INV-2026-30005;2026-03-30;2026-03-28;Schmid AG;1480.52;1600.44;3080.96;bezahlt
INV-2026-30006;2026-03-16;2026-03-14;Weber AG;2644.99;2859.23;5504.22;überfällig
INV-2026-30007;2026-03-21;2026-03-19;City Kiosk Bern;3684.68;3983.14;7667.82;bezahlt
INV-2026-30008;2026-03-05;2026-03-03;Payfix GmbH,Wallee AG;2299.85;2486.14;4785.99;offen
INV-2026-30009;2026-04-01;2026-03-30;Migros AG;2307.57;2494.48;4802.05;überfällig
INV-2026-30010;2026-03-11;2026-03-09;City Kiosk Bern;4242.65;4586.3;8828.95;offen
INV-2026-30011;2026-04-01;2026-03-30;coop AG;2909.47;3145.14;6054.61;überfällig
INV-2026-30012;2026-03-14;2026-03-12;City Kiosk Bern;2395.8;2589.86;4985.66;bezahlt
INV-2026-30013;2026-03-31;2026-03-29;Müller AG;2225.81;2406.1;4631.91;bezahlt
INV-2026-30014;2026-03-15;2026-03-13;Schmid AG;832.33;899.75;1732.08;bezahlt
INV-2026-30015;2026-03-11;2026-03-09;Migros AG;3293.31;3560.07;6853.38;offen
INV-2026-30016;2026-03-19;2026-03-17;Migros AG;1162.75;1256.93;2419.68;bezahlt
INV-2026-30017;2026-03-07;2026-03-05;Keller AG;1000.22;1081.24;2081.46;überfällig
INV-2026-30018;2026-03-06;2026-03-04;Schmid AG;338.52;365.94;704.46;offen
INV-2026-30019;2026-03-03;2026-03-01;Müller AG;4637.24;5012.86;9650.1;offen
INV-2026-30020;2026-03-21;2026-03-19;coop AG;1643.61;1776.74;3420.35;bezahlt
INV-2026-30021;2026-03-08;2026-03-06;Weber AG;4821.02;5211.52;10032.54;offen
INV-2026-30022;2026-03-13;2026-03-11;Payfix GmbH,Wallee AG;4178.29;4516.73;8695.02;bezahlt
INV-2026-30023;2026-03-15;2026-03-13;Keller AG;3237.99;3500.27;6738.26;überfällig
INV-2026-30024;2026-03-07;2026-03-05;Migros AG;2961.69;3201.59;6163.28;überfällig
INV-2026-30025;2026-03-28;2026-03-26;Keller AG;200.78;217.04;417.82;überfällig
INV-2026-30026;2026-03-13;2026-03-11;Schmid AG;111.68;120.73;232.41;überfällig
INV-2026-30027;2026-03-14;2026-03-12;Keller AG;3267.72;3532.41;6800.13;überfällig
INV-2026-30028;2026-03-10;2026-03-08;Huber GmbH;4474.08;4836.48;9310.56;bezahlt
INV-2026-30029;2026-03-17;2026-03-15;Müller AG;1076.57;1163.77;2240.34;offen
INV-2026-30030;2026-03-24;2026-03-22;Müller AG;1126.66;1217.92;2344.58;bezahlt
INV-2026-30031;2026-03-19;2026-03-17;Migros AG;2145.42;2319.2;4464.62;überfällig
INV-2026-30032;2026-03-13;2026-03-11;Müller AG;440.81;476.52;917.33;bezahlt
INV-2026-30033;2026-03-27;2026-03-25;Müller AG;3347.89;3619.07;6966.96;offen
INV-2026-30034;2026-03-07;2026-03-05;Schmid AG;101.13;109.32;210.45;überfällig
INV-2026-30035;2026-03-14;2026-03-12;coop AG;1145.94;1238.76;2384.7;offen
INV-2026-30036;2026-03-06;2026-03-04;Migros AG;4058.1;4386.81;8444.91;offen
INV-2026-30037;2026-03-06;2026-03-04;coop AG;4725.64;5108.42;9834.06;überfällig
INV-2026-30038;2026-03-18;2026-03-16;Schmid AG;1495.23;1616.34;3111.57;bezahlt
INV-2026-30039;2026-03-28;2026-03-26;Payfix GmbH,Wallee AG;3054.99;3302.44;6357.43;überfällig
INV-2026-30040;2026-03-23;2026-03-21;Huber GmbH;4935.51;5335.29;10270.8;bezahlt
INV-2026-30041;2026-03-26;2026-03-24;Migros AG;4934.87;5334.59;10269.46;offen
INV-2026-30042;2026-03-31;2026-03-29;Meier GmbH;2173.91;2350.0;4523.91;offen
INV-2026-30043;2026-03-04;2026-03-02;City Kiosk Bern;313.34;338.72;652.06;offen
INV-2026-30044;2026-03-31;2026-03-29;coop AG;3859.19;4171.78;8030.97;bezahlt
INV-2026-30045;2026-03-08;2026-03-06;Schmid AG;4336.92;4688.21;9025.13;überfällig
INV-2026-30046;2026-03-31;2026-03-29;Payfix GmbH,Wallee AG;2386.07;2579.34;4965.41;offen
INV-2026-30047;2026-03-11;2026-03-09;City Kiosk Bern;2118.09;2289.66;4407.75;überfällig
INV-2026-30048;2026-03-11;2026-03-09;City Kiosk Bern;1450.67;1568.17;3018.84;überfällig
INV-2026-30049;2026-03-04;2026-03-02;Payfix GmbH,Wallee AG;585.64;633.08;1218.72;offen
INV-2026-30050;2026-03-15;2026-03-13;Huber GmbH;2085.7;2254.64;4340.34;bezahlt
INV-2026-30051;2026-03-02;2026-02-28;Keller AG;430.47;465.34;895.81;bezahlt
INV-2026-30052;2026-03-27;2026-03-25;Huber GmbH;1991.98;2153.33;4145.31;überfällig
INV-2026-30053;2026-03-27;2026-03-25;Huber GmbH;2858.61;3090.16;5948.77;überfällig
INV-2026-30054;2026-03-27;2026-03-25;Huber GmbH;4175.68;4513.91;8689.59;bezahlt
INV-2026-30055;2026-03-17;2026-03-15;Meier GmbH;4913.86;5311.88;10225.74;überfällig
INV-2026-30056;2026-03-18;2026-03-16;Müller AG;4216.65;4558.2;8774.85;überfällig
INV-2026-30057;2026-03-03;2026-03-01;coop AG;511.88;553.34;1065.22;bezahlt
INV-2026-30058;2026-03-15;2026-03-13;City Kiosk Bern;4804.43;5193.59;9998.02;offen
INV-2026-30059;2026-03-30;2026-03-28;Migros AG;2274.21;2458.42;4732.63;offen
INV-2026-30060;2026-03-26;2026-03-24;Migros AG;4228.33;4570.82;8799.15;bezahlt
INV-2026-30061;2026-03-09;2026-03-07;Weber AG;1904.38;2058.63;3963.01;bezahlt
INV-2026-30062;2026-03-29;2026-03-27;Weber AG;1804.53;1950.7;3755.23;überfällig
INV-2026-30063;2026-03-18;2026-03-16;Payfix GmbH,Wallee AG;3145.12;3399.87;6544.99;bezahlt
INV-2026-30064;2026-03-22;2026-03-20;Weber AG;2928.9;3166.14;6095.04;überfällig
INV-2026-30065;2026-03-11;2026-03-09;Keller AG;1142.73;1235.29;2378.02;bezahlt
INV-2026-30066;2026-03-14;2026-03-12;Weber AG;4291.17;4638.75;8929.92;überfällig
INV-2026-30067;2026-03-28;2026-03-26;Schmid AG;1893.15;2046.5;3939.65;überfällig
INV-2026-30068;2026-03-03;2026-03-01;Meier GmbH;4111.32;4444.34;8555.66;offen
INV-2026-30069;2026-03-27;2026-03-25;Schmid AG;4634.69;5010.1;9644.79;bezahlt
INV-2026-30070;2026-03-22;2026-03-20;Payfix GmbH,Wallee AG;2372.84;2565.04;4937.88;offen
INV-2026-30071;2026-03-27;2026-03-25;Migros AG;2371.72;2563.83;4935.55;offen
INV-2026-30072;2026-03-23;2026-03-21;Payfix GmbH,Wallee AG;526.8;569.47;1096.27;offen
INV-2026-30073;2026-03-23;2026-03-21;Huber GmbH;2005.12;2167.53;4172.65;überfällig
INV-2026-30074;2026-03-02;2026-02-28;coop AG;3232.73;3494.58;6727.31;überfällig
INV-2026-30075;2026-03-17;2026-03-15;Keller AG;1650.65;1784.35;3435.0;überfällig
INV-2026-30076;2026-03-21;2026-03-19;coop AG;1505.03;1626.94;3131.97;offen
INV-2026-30077;2026-03-10;2026-03-08;City Kiosk Bern;2048.88;2214.84;4263.72;überfällig
INV-2026-30078;2026-04-01;2026-03-30;Payfix GmbH,Wallee AG;3678.84;3976.83;7655.67;offen
INV-2026-30079;2026-03-18;2026-03-16;Keller AG;3562.07;3850.6;7412.67;überfällig
INV-2026-30080;2026-03-03;2026-03-01;Schmid AG;1623.21;1754.69;3377.9;überfällig
INV-2026-30081;2026-03-23;2026-03-21;Huber GmbH;1664.99;1799.85;3464.84;bezahlt
INV-2026-30082;2026-03-17;2026-03-15;Schmid AG;3597.67;3889.08;7486.75;überfällig
INV-2026-30083;2026-03-09;2026-03-07;Weber AG;2157.81;2332.59;4490.4;bezahlt
INV-2026-30084;2026-03-09;2026-03-07;coop AG;4741.73;5125.81;9867.54;bezahlt
INV-2026-30085;2026-03-02;2026-02-28;Meier GmbH;1364.64;1475.18;2839.82;bezahlt
INV-2026-30086;2026-03-24;2026-03-22;Meier GmbH;1260.49;1362.59;2623.08;überfällig
INV-2026-30087;2026-03-12;2026-03-10;Meier GmbH;1740.88;1881.89;3622.77;bezahlt
INV-2026-30088;2026-03-05;2026-03-03;Huber GmbH;3620.37;3913.62;7533.99;überfällig
INV-2026-30089;2026-03-26;2026-03-24;City Kiosk Bern;4271.01;4616.96;8887.97;offen
INV-2026-30090;2026-03-19;2026-03-17;Migros AG;1134.66;1226.57;2361.23;überfällig
INV-2026-30091;2026-03-12;2026-03-10;Huber GmbH;3411.51;3687.84;7099.35;offen
INV-2026-30092;2026-03-09;2026-03-07;Huber GmbH;4846.91;5239.51;10086.42;bezahlt
INV-2026-30093;2026-03-07;2026-03-05;Schmid AG;2371.06;2563.12;4934.18;überfällig
INV-2026-30094;2026-03-19;2026-03-17;Müller AG;1648.57;1782.1;3430.67;bezahlt
INV-2026-30095;2026-03-08;2026-03-06;Weber AG;2212.83;2392.07;4604.9;offen
INV-2026-30096;2026-03-18;2026-03-16;City Kiosk Bern;2087.34;2256.41;4343.75;überfällig
INV-2026-30097;2026-03-18;2026-03-16;Schmid AG;1735.97;1876.58;3612.55;überfällig
INV-2026-30098;2026-03-02;2026-02-28;Müller AG;820.64;887.11;1707.75;offen
INV-2026-30099;2026-04-01;2026-03-30;Müller AG;2785.15;3010.75;5795.9;überfällig
INV-2026-30100;2026-03-19;2026-03-17;Weber AG;1194.96;1291.75;2486.71;offen
INV-2026-30101;2026-03-24;2026-03-22;Payfix GmbH,Wallee AG;345.34;373.31;718.65;offen
INV-2026-30102;2026-03-12;2026-03-10;Payfix GmbH,Wallee AG;2500.11;2702.62;5202.73;offen
INV-2026-30103;2026-03-29;2026-03-27;Payfix GmbH,Wallee AG;736.28;795.92;1532.2;bezahlt
INV-2026-30104;2026-03-28;2026-03-26;Payfix GmbH,Wallee AG;2516.97;2720.84;5237.81;offen
INV-2026-30105;2026-03-08;2026-03-06;Schmid AG;2478.63;2679.4;5158.03;überfällig
INV-2026-30106;2026-03-27;2026-03-25;Payfix GmbH,Wallee AG;1201.32;1298.63;2499.95;überfällig
INV-2026-30107;2026-03-18;2026-03-16;Schmid AG;1768.01;1911.22;3679.23;bezahlt
INV-2026-30108;2026-03-18;2026-03-16;Huber GmbH;265.97;287.51;553.48;offen
INV-2026-30109;2026-03-04;2026-03-02;coop AG;1093.81;1182.41;2276.22;bezahlt
INV-2026-40002;2026-04-17;2026-04-15;City Kiosk Bern;4599.33;4971.88;9571.21;offen
INV-2026-40003;2026-04-11;2026-04-09;Meier GmbH;1071.65;1158.45;2230.1;bezahlt
INV-2026-40005;2026-04-08;2026-04-06;coop AG;701.0;757.78;1458.78;offen
INV-2026-40007;2026-04-24;2026-04-22;Meier GmbH;3054.43;3301.84;6356.27;offen
INV-2026-40008;2026-04-02;2026-03-31;City Kiosk Bern;758.35;819.78;1578.13;offen
INV-2026-40010;2026-04-04;2026-04-02;Migros AG;1788.78;1933.67;3722.45;überfällig
INV-2026-40011;2026-04-07;2026-04-05;Huber GmbH;1795.9;1941.37;3737.27;bezahlt
INV-2026-40012;2026-04-07;2026-04-05;Meier GmbH;4268.78;4614.55;8883.33;bezahlt
INV-2026-40013;2026-04-19;2026-04-17;Migros AG;2085.44;2254.36;4339.8;überfällig
INV-2026-40014;2026-04-04;2026-04-02;Meier GmbH;217.75;235.39;453.14;überfällig
INV-2026-40016;2026-04-04;2026-04-02;coop AG;1525.42;1648.98;3174.4;bezahlt
INV-2026-40018;2026-04-23;2026-04-21;Müller AG;1494.73;1615.8;3110.53;überfällig
INV-2026-40019;2026-04-10;2026-04-08;Keller AG;3594.91;3886.1;7481.01;überfällig
INV-2026-40020;2026-04-24;2026-04-22;Müller AG;4722.36;5104.87;9827.23;überfällig
INV-2026-40021;2026-04-05;2026-04-03;coop AG;3464.62;3745.25;7209.87;offen
INV-2026-40023;2026-04-23;2026-04-21;Weber AG;4006.41;4330.93;8337.34;überfällig
INV-2026-40025;2026-04-14;2026-04-12;Migros AG;767.53;829.7;1597.23;überfällig
INV-2026-40026;2026-04-24;2026-04-22;Meier GmbH;867.79;938.08;1805.87;überfällig
INV-2026-40027;2026-04-10;2026-04-08;Migros AG;3312.37;3580.67;6893.04;überfällig
INV-2026-40028;2026-04-04;2026-04-02;City Kiosk Bern;4028.28;4354.57;8382.85;bezahlt
INV-2026-40029;2026-04-16;2026-04-14;Huber GmbH;3548.74;3836.19;7384.93;überfällig
INV-2026-40030;2026-04-13;2026-04-11;coop AG;694.01;750.22;1444.23;bezahlt
INV-2026-40032;2026-04-11;2026-04-09;City Kiosk Bern;3783.6;4090.07;7873.67;offen
INV-2026-40033;2026-04-20;2026-04-18;Huber GmbH;2703.87;2922.88;5626.75;bezahlt
INV-2026-40034;2026-04-14;2026-04-12;Müller AG;3436.29;3714.63;7150.92;bezahlt
INV-2026-40035;2026-04-06;2026-04-04;Migros AG;4718.81;5101.03;9819.84;überfällig
INV-2026-40036;2026-04-10;2026-04-08;Keller AG;2330.94;2519.75;4850.69;überfällig
INV-2026-40037;2026-04-23;2026-04-21;Payfix GmbH,Wallee AG;1129.39;1220.87;2350.26;offen
INV-2026-40038;2026-04-22;2026-04-20;Müller AG;1337.27;1445.59;2782.86;überfällig
INV-2026-40039;2026-04-24;2026-04-22;Migros AG;3967.88;4289.28;8257.16;bezahlt
INV-2026-40040;2026-04-12;2026-04-10;Keller AG;205.11;221.72;426.83;bezahlt
INV-2026-40041;2026-04-18;2026-04-16;City Kiosk Bern;4971.89;5374.61;10346.5;bezahlt
INV-2026-40044;2026-04-22;2026-04-20;Weber AG;207.05;223.82;430.87;offen
INV-2026-40046;2026-04-15;2026-04-13;City Kiosk Bern;3856.11;4168.45;8024.56;offen
INV-2026-40047;2026-04-03;2026-04-01;coop AG;2032.66;2197.31;4229.97;überfällig
INV-2026-40048;2026-04-02;2026-03-31;Migros AG;2839.01;3068.97;5907.98;offen
INV-2026-40049;2026-04-24;2026-04-22;Keller AG;2422.22;2618.42;5040.64;offen
INV-2026-40050;2026-04-02;2026-03-31;Payfix GmbH,Wallee AG;1241.53;1342.09;2583.62;bezahlt
INV-2026-40051;2026-04-09;2026-04-07;Schmid AG;2335.35;2524.51;4859.86;bezahlt
INV-2026-40052;2026-04-09;2026-04-07;Weber AG;1471.64;1590.84;3062.48;bezahlt
INV-2026-40053;2026-04-16;2026-04-14;coop AG;2799.88;3026.67;5826.55;bezahlt
INV-2026-40054;2026-04-04;2026-04-02;City Kiosk Bern;4006.79;4331.34;8338.13;überfällig
INV-2026-40055;2026-04-16;2026-04-14;Payfix GmbH,Wallee AG;3094.53;3345.19;6439.72;offen
INV-2026-40057;2026-04-13;2026-04-11;Schmid AG;4875.98;5270.93;10146.91;offen
INV-2026-40059;2026-04-13;2026-04-11;Payfix GmbH,Wallee AG;2205.56;2384.21;4589.77;offen
INV-2026-40060;2026-04-04;2026-04-02;City Kiosk Bern;4119.75;4453.45;8573.2;überfällig
INV-2026-40062;2026-04-15;2026-04-13;Meier GmbH;978.64;1057.91;2036.55;offen
INV-2026-40063;2026-04-12;2026-04-10;Meier GmbH;3224.34;3485.51;6709.85;überfällig
INV-2026-40064;2026-04-09;2026-04-07;City Kiosk Bern;3247.67;3510.73;6758.4;offen
INV-2026-40066;2026-04-19;2026-04-17;Keller AG;4280.55;4627.27;8907.82;überfällig
INV-2026-40067;2026-04-17;2026-04-15;Müller AG;1984.09;2144.8;4128.89;überfällig
INV-2026-40068;2026-04-09;2026-04-07;Meier GmbH;1705.62;1843.78;3549.4;bezahlt
INV-2026-40071;2026-04-07;2026-04-05;Migros AG;1447.63;1564.89;3012.52;offen
INV-2026-40072;2026-04-19;2026-04-17;Müller AG;408.35;441.43;849.78;offen
INV-2026-40073;2026-04-04;2026-04-02;coop AG;1606.32;1736.43;3342.75;bezahlt
INV-2026-40074;2026-04-17;2026-04-15;Müller AG;4685.38;5064.9;9750.28;überfällig
INV-2026-40075;2026-04-18;2026-04-16;Payfix GmbH,Wallee AG;1818.69;1966.0;3784.69;überfällig
INV-2026-40076;2026-04-13;2026-04-11;Keller AG;3845.17;4156.63;8001.8;offen
INV-2026-40077;2026-04-11;2026-04-09;Schmid AG;2173.38;2349.42;4522.8;bezahlt
INV-2026-40079;2026-04-02;2026-03-31;Keller AG;413.27;446.74;860.01;bezahlt
INV-2026-40080;2026-04-05;2026-04-03;Meier GmbH;970.43;1049.03;2019.46;überfällig
INV-2026-40081;2026-04-07;2026-04-05;Müller AG;2796.62;3023.15;5819.77;überfällig
INV-2026-40083;2026-04-11;2026-04-09;Weber AG;253.66;274.21;527.87;bezahlt
INV-2026-40086;2026-04-16;2026-04-14;coop AG;2667.79;2883.88;5551.67;offen
INV-2026-40087;2026-04-19;2026-04-17;coop AG;1645.32;1778.59;3423.91;offen
INV-2026-40088;2026-04-23;2026-04-21;Keller AG;169.44;183.16;352.6;bezahlt
INV-2026-40091;2026-04-16;2026-04-14;Müller AG;1164.24;1258.54;2422.78;offen
INV-2026-40092;2026-04-17;2026-04-15;Payfix GmbH,Wallee AG;2539.37;2745.06;5284.43;bezahlt
INV-2026-40093;2026-04-14;2026-04-12;Keller AG;3799.18;4106.91;7906.09;überfällig
INV-2026-40094;2026-04-15;2026-04-13;Müller AG;4971.34;5374.02;10345.36;überfällig
INV-2026-40095;2026-04-02;2026-03-31;City Kiosk Bern;3873.83;4187.61;8061.44;überfällig
INV-2026-40096;2026-04-10;2026-04-08;Payfix GmbH,Wallee AG;2616.59;2828.53;5445.12;offen
INV-2026-40097;2026-04-08;2026-04-06;Payfix GmbH,Wallee AG;4000.84;4324.91;8325.75;überfällig
INV-2026-40098;2026-04-13;2026-04-11;Payfix GmbH,Wallee AG;2407.77;2602.8;5010.57;überfällig
INV-2026-40100;2026-04-02;2026-03-31;coop AG;236.12;255.25;491.37;bezahlt
INV-2026-40101;2026-04-02;2026-03-31;Payfix GmbH,Wallee AG;3914.91;4232.02;8146.93;offen
INV-2026-40102;2026-04-10;2026-04-08;Meier GmbH;1454.87;1572.71;3027.58;überfällig
INV-2026-40103;2026-04-02;2026-03-31;Huber GmbH;2137.29;2310.41;4447.7;bezahlt
INV-2026-40104;2026-04-13;2026-04-11;City Kiosk Bern;4974.67;5377.62;10352.29;bezahlt
INV-2026-40105;2026-04-03;2026-04-01;Migros AG;1731.9;1872.18;3604.08;offen
INV-2026-40106;2026-04-15;2026-04-13;Müller AG;1776.18;1920.05;3696.23;offen
INV-2026-40107;2026-04-23;2026-04-21;City Kiosk Bern;2332.33;2521.25;4853.58;offen
INV-2026-40109;2026-04-10;2026-04-08;Schmid AG;2709.35;2928.81;5638.16;bezahlt
